{
  "vocabulary": {
    "hệ": 2,
    "thống": 3
  },
  "idf_scores": {
    "hệ": 0.4054651081081644,
    "thống": 0.4054651081081644
  },
  "vocab_size": 2
}
